id,firstname,lastname,email,profession
100,Hermione,Jarib,Hermione.Jarib@yopmail.com,firefighter
101,Talya,Kiersten,Talya.Kiersten@yopmail.com,police officer
102,Basia,Gilbertson,Basia.Gilbertson@yopmail.com,doctor
103,Bibby,Stelle,Bibby.Stelle@yopmail.com,firefighter
104,Clarice,Amand,Clarice.Amand@yopmail.com,worker
105,Max,Juan,Max.Juan@yopmail.com,doctor
106,Gusella,Dichy,Gusella.Dichy@yopmail.com,doctor
107,Barbi,Candy,Barbi.Candy@yopmail.com,police officer
108,Theodora,Mehalek,Theodora.Mehalek@yopmail.com,police officer
109,Karlee,Jethro,Karlee.Jethro@yopmail.com,developer
110,Codie,Cristi,Codie.Cristi@yopmail.com,doctor
111,Isa,Raseda,Isa.Raseda@yopmail.com,firefighter
112,Brianna,Camden,Brianna.Camden@yopmail.com,developer
113,Monika,Buckler,Monika.Buckler@yopmail.com,worker
114,Glynnis,Evangelia,Glynnis.Evangelia@yopmail.com,worker
115,Heddie,Suk,Heddie.Suk@yopmail.com,doctor
116,Cordi,Colbert,Cordi.Colbert@yopmail.com,developer
117,Gui,Guildroy,Gui.Guildroy@yopmail.com,police officer
118,Anallese,Ardra,Anallese.Ardra@yopmail.com,doctor
119,Aimil,Tamsky,Aimil.Tamsky@yopmail.com,police officer
120,Rozele,Shanley,Rozele.Shanley@yopmail.com,firefighter
121,Sabina,Norrie,Sabina.Norrie@yopmail.com,developer
122,Helsa,Winthorpe,Helsa.Winthorpe@yopmail.com,worker
123,Vanessa,Burch,Vanessa.Burch@yopmail.com,worker
124,Dulce,Douglass,Dulce.Douglass@yopmail.com,worker
125,Gerrie,Artie,Gerrie.Artie@yopmail.com,developer
126,Ketti,Harriman,Ketti.Harriman@yopmail.com,firefighter
127,Phylis,Firmin,Phylis.Firmin@yopmail.com,firefighter
128,Ezmeralda,Romelda,Ezmeralda.Romelda@yopmail.com,police officer
129,Kimmy,Dannye,Kimmy.Dannye@yopmail.com,doctor
130,Annaliese,Pitt,Annaliese.Pitt@yopmail.com,police officer
131,Nessie,Zetta,Nessie.Zetta@yopmail.com,worker
132,Brynna,Brackely,Brynna.Brackely@yopmail.com,developer
133,Jere,Wildermuth,Jere.Wildermuth@yopmail.com,police officer
134,Grier,Mullane,Grier.Mullane@yopmail.com,police officer
135,Celisse,Brunell,Celisse.Brunell@yopmail.com,police officer
136,Jessamyn,Burnside,Jessamyn.Burnside@yopmail.com,police officer
137,Celestyna,Kesley,Celestyna.Kesley@yopmail.com,firefighter
138,Georgetta,Valoniah,Georgetta.Valoniah@yopmail.com,worker
139,Dolli,Hurley,Dolli.Hurley@yopmail.com,police officer
140,Joeann,Vharat,Joeann.Vharat@yopmail.com,doctor
141,Amalie,Rheingold,Amalie.Rheingold@yopmail.com,police officer
142,Florencia,Luhe,Florencia.Luhe@yopmail.com,firefighter
143,Louella,Roche,Louella.Roche@yopmail.com,firefighter
144,Priscilla,Felecia,Priscilla.Felecia@yopmail.com,firefighter
145,Brietta,Camden,Brietta.Camden@yopmail.com,police officer
146,Perry,Dominy,Perry.Dominy@yopmail.com,worker
147,Marguerite,Cavan,Marguerite.Cavan@yopmail.com,worker
148,Madeleine,Hourigan,Madeleine.Hourigan@yopmail.com,developer
149,Lory,Hollingsworth,Lory.Hollingsworth@yopmail.com,worker
150,Concettina,Ardra,Concettina.Ardra@yopmail.com,police officer
151,Jordan,Tiffa,Jordan.Tiffa@yopmail.com,developer
152,Imojean,Alexandr,Imojean.Alexandr@yopmail.com,worker
153,Tomasina,Cadmar,Tomasina.Cadmar@yopmail.com,developer
154,Kimmy,Eno,Kimmy.Eno@yopmail.com,worker
155,Peri,Engdahl,Peri.Engdahl@yopmail.com,firefighter
156,Babita,Han,Babita.Han@yopmail.com,doctor
157,Betta,Carolin,Betta.Carolin@yopmail.com,worker
158,Kalina,Othilia,Kalina.Othilia@yopmail.com,police officer
159,Jasmina,Mehalek,Jasmina.Mehalek@yopmail.com,firefighter
160,Minne,Hieronymus,Minne.Hieronymus@yopmail.com,developer
161,Lily,Teryn,Lily.Teryn@yopmail.com,developer
162,Rebeca,Baptlsta,Rebeca.Baptlsta@yopmail.com,doctor
163,Carmencita,Huggins,Carmencita.Huggins@yopmail.com,developer
164,Angela,McNully,Angela.McNully@yopmail.com,doctor
165,Gerianna,Thema,Gerianna.Thema@yopmail.com,worker
166,Vinita,Bryna,Vinita.Bryna@yopmail.com,firefighter
167,Eugine,Beniamino,Eugine.Beniamino@yopmail.com,worker
168,Odessa,Quinn,Odessa.Quinn@yopmail.com,doctor
169,Kerrin,Fontana,Kerrin.Fontana@yopmail.com,developer
170,Theodora,Corrine,Theodora.Corrine@yopmail.com,worker
171,Meg,Roumell,Meg.Roumell@yopmail.com,worker
172,Verla,Egbert,Verla.Egbert@yopmail.com,firefighter
173,Lorie,Ellord,Lorie.Ellord@yopmail.com,worker
174,Mallory,Elephus,Mallory.Elephus@yopmail.com,doctor
175,Reeba,Faust,Reeba.Faust@yopmail.com,firefighter
176,Bobinette,Fontana,Bobinette.Fontana@yopmail.com,firefighter
177,Melina,Astra,Melina.Astra@yopmail.com,doctor
178,Kathi,Cyrie,Kathi.Cyrie@yopmail.com,doctor
179,Nicoli,Juan,Nicoli.Juan@yopmail.com,doctor
180,Chickie,Dex,Chickie.Dex@yopmail.com,developer
181,Thalia,Juan,Thalia.Juan@yopmail.com,police officer
182,Chastity,Charity,Chastity.Charity@yopmail.com,developer
183,Gerianna,Justinn,Gerianna.Justinn@yopmail.com,firefighter
184,Tarra,Even,Tarra.Even@yopmail.com,worker
185,Trudie,Schlosser,Trudie.Schlosser@yopmail.com,developer
186,Dacia,Vacuva,Dacia.Vacuva@yopmail.com,firefighter
187,Stevana,Naashom,Stevana.Naashom@yopmail.com,firefighter
188,Moyna,Doig,Moyna.Doig@yopmail.com,police officer
189,Mariele,Erskine,Mariele.Erskine@yopmail.com,doctor
190,Elsie,Vacuva,Elsie.Vacuva@yopmail.com,doctor
191,Gerrie,Noman,Gerrie.Noman@yopmail.com,firefighter
192,Celestyna,Toffic,Celestyna.Toffic@yopmail.com,doctor
193,Thalia,Carleen,Thalia.Carleen@yopmail.com,doctor
194,Jinny,Teryn,Jinny.Teryn@yopmail.com,firefighter
195,Kellen,Valerio,Kellen.Valerio@yopmail.com,firefighter
196,Hildegaard,Adore,Hildegaard.Adore@yopmail.com,worker
197,Catrina,Tound,Catrina.Tound@yopmail.com,firefighter
198,Brooks,Lemuela,Brooks.Lemuela@yopmail.com,worker
199,Monika,Raychel,Monika.Raychel@yopmail.com,police officer